t,gnorm
0,
1,
2,
3,
4,
5,
6,inf
7,
8,inf
9,inf
10,0.625493049621582
11,0.8566550612449646
12,0.7646449208259583
13,0.6842936277389526
14,0.8146002888679504
15,0.8117139935493469
16,0.848870575428009
17,0.7689309120178223
18,0.7910405397415161
19,0.7657384276390076
20,inf
21,0.7867394685745239
22,0.7491773962974548
23,1.1160273551940918
24,0.9049251079559326
25,0.6959336400032043
26,0.6958617568016052
27,0.6999174356460571
28,0.9311400651931763
29,0.7919417023658752
30,0.7428590059280396
31,0.8023159503936768
32,0.6952362060546875
33,0.7553783059120178
34,0.8908937573432922
35,0.7501847743988037
36,0.7276039123535156
37,0.8294872641563416
38,0.6857193112373352
39,0.8228922486305237
40,0.8907328248023987
41,0.9748392105102539
42,0.73939448595047
43,0.8720231652259827
44,0.8095603585243225
45,0.8482941389083862
46,0.6384667754173279
47,1.0220422744750977
48,0.7562965154647827
49,0.6761754751205444
50,1.2180235385894775
51,0.7330722212791443
52,0.9636534452438354
53,0.7376324534416199
54,0.8220298886299133
55,1.1110073328018188
56,0.7473304271697998
57,1.6295472383499146
58,0.9215982556343079
59,0.880443274974823
60,0.9249310493469238
61,0.8473699688911438
62,0.9037147164344788
63,0.8655332922935486
64,0.8722736239433289
65,0.7138203978538513
66,0.7957444787025452
67,0.8765078783035278
68,0.8215247988700867
69,1.2573062181472778
70,0.7764989733695984
71,0.9291386604309082
72,1.000115990638733
73,0.9281275272369385
74,1.032543659210205
75,0.8492391109466553
76,0.8662893176078796
77,0.7572116255760193
78,0.9840418696403503
79,0.9379613399505615
80,0.9744859337806702
81,0.9273157715797424
82,0.9724059104919434
83,0.8975927233695984
84,0.9164619445800781
85,1.0182723999023438
86,0.9533430337905884
87,0.9145101308822632
88,1.0279301404953003
89,1.0512739419937134
90,0.9078537225723267
91,2.2232112884521484
92,0.9791035652160645
93,0.8621671199798584
94,1.0803178548812866
95,0.9707982540130615
96,1.3435481786727905
97,1.023270845413208
98,1.1964102983474731
99,1.1423462629318237
100,0.9955628514289856
101,0.9625499844551086
102,1.057427167892456
103,0.9959763288497925
104,1.0136618614196777
105,1.2584245204925537
106,1.0862233638763428
107,1.118470549583435
108,1.008473515510559
109,1.0157185792922974
110,1.1716941595077515
111,1.5101613998413086
112,1.1744524240493774
113,1.1925885677337646
114,1.1482679843902588
115,1.374467372894287
116,1.225313425064087
117,1.0585298538208008
118,0.954688549041748
119,1.0833262205123901
120,1.3114858865737915
121,1.0397323369979858
122,2.2094662189483643
123,1.1457599401474
124,1.0151455402374268
125,1.1061948537826538
126,1.0890706777572632
127,1.035934329032898
128,1.0153746604919434
129,0.9181178212165833
130,1.0897566080093384
131,1.045327067375183
132,0.9852933287620544
133,1.0311042070388794
134,1.0694798231124878
135,1.077092170715332
136,0.9463881254196167
137,1.0416021347045898
138,1.1457749605178833
139,1.2300853729248047
140,1.2544686794281006
141,1.006988525390625
142,1.1000516414642334
143,1.0836671590805054
144,1.0884618759155273
145,0.9543471336364746
146,1.1461180448532104
147,0.9571444392204285
148,1.0378473997116089
149,1.3537477254867554
150,1.3672406673431396
151,1.0399962663650513
152,1.0406008958816528
153,0.9609383344650269
154,1.0845595598220825
155,1.1189212799072266
156,1.330674171447754
157,1.051119327545166
158,0.9406116008758545
159,0.9130992293357849
160,1.0699713230133057
161,1.0893354415893555
162,1.1404353380203247
163,1.0096940994262695
164,1.218154788017273
165,1.126671314239502
166,0.9430840015411377
167,1.0013186931610107
168,1.0274074077606201
169,0.9616649150848389
170,0.8715653419494629
171,0.9761517643928528
172,1.0713210105895996
173,1.0322006940841675
174,1.170693278312683
175,1.0747437477111816
176,1.137441635131836
177,0.8356244564056396
178,0.9544764161109924
179,0.9115173816680908
180,0.9075003862380981
181,0.9540294408798218
182,0.9179834127426147
183,0.961652398109436
184,1.011107325553894
185,0.9442592263221741
186,0.8403761982917786
187,1.1026593446731567
188,0.9180524349212646
189,0.8686710596084595
190,0.7245988249778748
191,0.773817241191864
192,0.8435978293418884
193,0.9175741672515869
194,0.8111355304718018
195,0.938900351524353
196,0.7628650665283203
197,0.9715635776519775
198,1.280220866203308
199,0.7478052973747253
200,1.0295573472976685
201,1.1250802278518677
202,0.8013944029808044
203,0.9486066102981567
204,0.9844925403594971
205,0.6915562152862549
206,0.7024336457252502
207,0.7241910696029663
208,0.8919842839241028
209,0.7792487740516663
210,0.7431226968765259
211,1.0171114206314087
212,0.6534998416900635
213,0.7123330235481262
214,0.7264230251312256
215,0.7171751856803894
216,0.6495513916015625
217,0.7782047390937805
218,0.809058666229248
219,0.6159612536430359
220,0.6591919660568237
221,0.6293766498565674
222,1.0927913188934326
223,0.6499195694923401
224,0.7565191388130188
225,0.5799734592437744
226,0.5901601314544678
227,0.4900570809841156
228,0.6766541600227356
229,0.5908508896827698
230,1.020957350730896
231,0.6997955441474915
232,0.4989941716194153
233,0.4873097240924835
234,0.5416774749755859
235,0.4601373076438904
236,0.32938486337661743
237,0.4470595419406891
238,0.39455991983413696
239,0.4722706079483032
240,0.4888364374637604
241,0.44277748465538025
242,1.42459237575531
243,0.34869447350502014
244,0.3875870406627655
245,0.42817506194114685
246,0.37601348757743835
247,0.4167352616786957
248,0.39819690585136414
249,0.41153255105018616
250,0.28961387276649475
251,0.7527956366539001
252,0.24549879133701324
253,0.31221330165863037
254,0.6869441270828247
255,0.23609139025211334
256,0.5374765396118164
257,0.37923333048820496
258,0.37691137194633484
259,0.35939842462539673
260,0.4558151960372925
261,0.9413225650787354
262,0.2147795706987381
263,0.30598583817481995
264,0.34987372159957886
265,0.21062946319580078
266,0.49681806564331055
267,0.2628346383571625
268,0.3024481236934662
269,0.26387518644332886
270,0.2842147648334503
271,0.22353625297546387
272,0.4241769015789032
273,0.35568833351135254
274,0.6204316020011902
275,0.30945494771003723
276,0.1892375648021698
277,0.8211339116096497
278,0.39246684312820435
279,0.3034983277320862
280,0.24671371281147003
281,0.21193625032901764
282,0.17060455679893494
283,0.46271848678588867
284,0.2218584418296814
285,0.37146931886672974
286,0.7953698039054871
287,0.7807547450065613
288,0.44520652294158936
289,0.3721596896648407
290,0.6401902437210083
291,0.47281748056411743
292,0.25233036279678345
293,0.7472574710845947
294,0.45558708906173706
295,0.2924458086490631
296,0.25015881657600403
297,0.4619560241699219
298,0.37001216411590576
299,0.23141807317733765
300,0.2903079092502594
301,0.4155024588108063
302,0.2978512644767761
303,0.5178847908973694
304,0.2707156240940094
305,0.32083046436309814
306,0.3011660575866699
307,0.42778709530830383
308,0.3290373980998993
309,0.4931084215641022
310,0.7320986986160278
311,0.6234131455421448
312,0.24441827833652496
313,0.35575032234191895
314,0.4934598505496979
315,0.36569851636886597
316,0.4789999723434448
317,0.28645116090774536
318,0.42573314905166626
319,0.3904840350151062
320,0.26331627368927
321,0.3415304124355316
322,0.3080208897590637
323,0.3720252215862274
324,0.6034927368164062
325,0.6984169483184814
326,0.35949602723121643
327,0.29132357239723206
328,0.3353816568851471
329,0.29830801486968994
330,0.31340286135673523
331,0.5175791382789612
332,0.2956317961215973
333,0.8137526512145996
334,0.2744169533252716
335,0.2672821283340454
336,0.31916168332099915
337,0.3131117522716522
338,0.2877197563648224
339,0.5302183628082275
340,0.33248576521873474
341,0.27275916934013367
342,0.30831798911094666
343,0.2861272394657135
344,0.35036155581474304
345,1.0348942279815674
346,0.32441094517707825
347,0.9429767727851868
348,0.40579673647880554
349,0.3858606219291687
350,0.46477949619293213
351,0.36151450872421265
352,0.34337177872657776
353,0.3030228614807129
354,0.3724081814289093
355,0.4857817590236664
356,0.4561733305454254
357,0.30684226751327515
358,0.42693281173706055
359,0.3462975025177002
360,0.274098664522171
361,0.3612244427204132
362,0.30644088983535767
363,0.3774225413799286
364,0.3697507083415985
365,0.49531495571136475
366,0.28357499837875366
367,0.27826711535453796
368,0.23796409368515015
369,0.29569557309150696
370,0.48425817489624023
371,0.5224969387054443
372,0.3009525239467621
373,0.7577442526817322
374,0.7450920939445496
375,0.37235262989997864
376,0.36600208282470703
377,0.4940718710422516
378,0.2782830595970154
379,0.7429389357566833
380,0.292746365070343
381,0.24431976675987244
382,0.2839164733886719
383,0.4247141182422638
384,0.2526525855064392
385,0.29082077741622925
386,0.345279335975647
387,0.36446163058280945
388,0.2634357213973999
389,0.2510994076728821
390,0.5500865578651428
391,0.36875995993614197
392,0.4820992350578308
393,0.35739532113075256
394,0.573686420917511
395,0.3263799846172333
396,0.33633658289909363
397,0.3469947874546051
398,0.27195465564727783
399,0.2454642802476883
400,0.516146719455719
401,0.22858931124210358
402,0.36721712350845337
403,0.38802921772003174
404,0.3193988502025604
405,0.29248401522636414
406,0.39742282032966614
407,0.2682299017906189
408,0.2836993634700775
409,0.5813971757888794
410,1.1095314025878906
411,0.4378913640975952
412,0.5287105441093445
413,0.35286182165145874
414,0.3755106031894684
415,0.412285715341568
416,0.6175699234008789
417,0.41172343492507935
418,0.26895689964294434
419,0.28712815046310425
420,0.2656412124633789
421,0.2987036406993866
422,0.2960021197795868
423,0.26393401622772217
424,0.3096923828125
425,0.2680327296257019
426,0.2861851453781128
427,0.2280951887369156
428,0.2980896234512329
429,0.354139119386673
430,0.4135630130767822
431,0.3592410981655121
432,0.21552449464797974
433,0.28241613507270813
434,0.4156457483768463
435,0.4257568120956421
436,0.23486286401748657
437,0.24455805122852325
438,0.4804444909095764
439,0.4536580741405487
440,0.25089916586875916
441,0.3403559923171997
442,0.260244756937027
443,0.24078364670276642
444,0.22481760382652283
445,0.24930545687675476
446,0.33124256134033203
447,0.3483949303627014
448,0.4790673553943634
449,0.2926776707172394
450,0.2058272808790207
451,0.37786611914634705
452,0.3552076518535614
453,0.374695748090744
454,0.3933863639831543
455,0.36079880595207214
456,0.3101625442504883
457,0.24189646542072296
458,0.49601104855537415
459,0.3052833676338196
460,0.320858359336853
461,0.5025162100791931
462,0.37337005138397217
463,0.8028579354286194
464,0.30700117349624634
465,0.4166228771209717
466,0.35059574246406555
467,0.23998472094535828
468,0.3433550298213959
469,0.39651671051979065
470,0.28349608182907104
471,0.25059711933135986
472,0.2402312457561493
473,0.2669340968132019
474,0.37132835388183594
475,1.1038565635681152
476,0.2891231179237366
477,0.4411599934101105
478,0.6560810208320618
479,0.3770022690296173
480,0.3511427640914917
481,0.6202468276023865
482,0.3746662735939026
483,0.40202730894088745
484,0.398061066865921
485,0.5600003004074097
486,0.42910251021385193
487,0.28103119134902954
488,0.32491037249565125
489,0.3888337016105652
490,0.43824902176856995
491,0.37429314851760864
492,0.3790796995162964
493,0.4212114214897156
494,0.340565025806427
495,0.31573885679244995
496,0.7862619757652283
497,1.0267586708068848
498,0.2703354060649872
499,0.42293402552604675
500,0.3027398884296417
501,0.2997356653213501
502,0.2644447982311249
503,0.2797398865222931
504,0.25734540820121765
505,1.0135444402694702
506,0.2537494897842407
507,0.46044546365737915
508,0.32653146982192993
509,0.31169331073760986
510,0.7855470180511475
511,0.7284175753593445
512,0.23273834586143494
513,0.3440309166908264
514,0.37586063146591187
515,0.47296756505966187
516,0.31393593549728394
517,0.27298733592033386
518,0.30494800209999084
519,0.5811405181884766
520,0.2473718523979187
521,0.3519745469093323
522,0.24816599488258362
523,0.6457436084747314
524,0.33758941292762756
525,0.3630043566226959
526,0.24142418801784515
527,0.8212894797325134
528,0.45748215913772583
529,0.34608474373817444
530,0.35148048400878906
531,0.6290404200553894
532,0.2880706787109375
533,0.35223251581192017
534,0.40924060344696045
535,0.2443360835313797
536,0.30777955055236816
537,0.221440851688385
538,0.43934422731399536
539,0.29405996203422546
540,0.44397905468940735
541,0.5643324851989746
542,0.5409945845603943
543,0.4819214642047882
544,0.3453288674354553
545,0.49003395438194275
546,0.3286718726158142
547,0.3241853415966034
548,0.3554004728794098
549,0.5375495553016663
550,0.45389285683631897
551,0.3320508599281311
552,0.31632569432258606
553,0.22304807603359222
554,0.2513779401779175
555,0.5939341187477112
556,0.4315698444843292
557,0.2268630564212799
558,0.2695315480232239
559,0.24674740433692932
560,0.36780819296836853
561,0.26653340458869934
562,0.28022533655166626
563,0.24301652610301971
564,0.2801647186279297
565,0.42047759890556335
566,0.24692969024181366
567,0.2132139801979065
568,0.3281003534793854
569,0.32832127809524536
570,0.35120052099227905
571,0.21309985220432281
572,0.24401599168777466
573,0.3059788942337036
574,0.24831147491931915
575,0.2543170154094696
576,0.23321881890296936
577,0.31000953912734985
578,0.781233549118042
579,0.3614799380302429
580,0.4114549458026886
581,0.4344933331012726
582,0.5209041237831116
583,inf
584,0.4853861927986145
585,0.4756413996219635
586,0.351737380027771
587,0.5240128040313721
588,0.33249104022979736
589,0.3766787350177765
590,0.479163259267807
591,0.41298866271972656
592,0.5012198090553284
593,0.5648052096366882
594,0.3174813687801361
595,0.2248746156692505
596,0.28296321630477905
597,0.8732786178588867
598,0.5144497156143188
599,0.7364281415939331
600,0.25992995500564575
601,0.2858206629753113
602,0.5047621726989746
603,0.5212312936782837
604,0.3166322112083435
605,0.6210584044456482
606,0.5844970345497131
607,0.3919110596179962
608,0.37662872672080994
609,0.3245471119880676
610,0.5430540442466736
611,0.43406128883361816
612,0.28402939438819885
613,0.38166874647140503
614,0.66251540184021
615,0.5405842661857605
616,0.3803783655166626
617,0.2705332040786743
618,0.4263489246368408
619,0.2652747333049774
620,1.3929227590560913
621,0.5070987343788147
622,0.3764989376068115
623,0.6451929807662964
624,0.4996700584888458
625,0.3742154538631439
626,0.3574468493461609
627,0.4938594400882721
628,0.36298078298568726
629,0.39251089096069336
630,0.3498903214931488
631,0.2802024185657501
632,0.38858941197395325
633,0.4122827649116516
634,0.28748562932014465
635,0.36798787117004395
636,0.26449882984161377
637,0.39552438259124756
638,0.4452076554298401
639,0.42883193492889404
640,0.35414522886276245
641,0.5823630094528198
642,0.5506816506385803
643,0.6461247205734253
644,0.457893431186676
645,0.5682944059371948
646,0.31668058037757874
647,0.3073742687702179
648,0.5562021136283875
649,0.2496073842048645
650,0.3626334071159363
651,0.27819132804870605
652,0.434377521276474
653,0.2398531138896942
654,0.26180213689804077
655,0.6489008665084839
656,0.27750176191329956
657,0.2644701600074768
658,0.28320619463920593
659,0.21804086863994598
660,0.23274171352386475
661,0.5114413499832153
662,0.3725738227367401
663,0.3046480119228363
664,0.24599315226078033
665,0.45266619324684143
666,0.3048180639743805
667,0.24675065279006958
668,0.3235100507736206
669,0.25435715913772583
670,0.29871684312820435
671,0.27182692289352417
672,0.212819442152977
673,0.22601139545440674
674,0.23159758746623993
675,0.4608536660671234
676,0.2825975716114044
677,0.4350350499153137
678,0.23079247772693634
679,0.30131852626800537
680,0.24392524361610413
681,0.24061864614486694
682,0.22931580245494843
683,0.3887779712677002
684,0.22976413369178772
685,0.20868222415447235
686,0.21595899760723114
687,0.2915116548538208
688,0.3891902267932892
689,0.2667087912559509
690,0.31756967306137085
691,0.27991995215415955
692,0.31274905800819397
693,0.749717116355896
694,0.3155302107334137
695,0.36985117197036743
696,0.2629808187484741
697,0.27498626708984375
698,0.3014008104801178
699,0.4456576406955719
700,0.3835466802120209
701,0.24583472311496735
702,0.6756852269172668
703,0.23368777334690094
704,0.33495810627937317
705,0.3343167304992676
706,0.23284611105918884
707,0.27775925397872925
708,0.48195576667785645
709,0.31245774030685425
710,0.3476313352584839
711,0.47718164324760437
712,0.7917913198471069
713,0.3621118366718292
714,0.45047953724861145
715,0.27987241744995117
716,0.2858333885669708
717,0.6142427921295166
718,0.5493287444114685
719,0.3118012249469757
720,0.3231578469276428
721,0.27915358543395996
722,0.42626291513442993
723,0.2957240045070648
724,0.3339947462081909
725,0.28909754753112793
726,0.2701457142829895
727,0.2893889248371124
728,0.32571378350257874
729,0.36603742837905884
730,0.7012999653816223
731,0.2894109785556793
732,0.3195331394672394
733,0.2669898271560669
734,0.33695265650749207
735,0.2947169840335846
736,0.2891170382499695
737,0.24426475167274475
738,0.2711722254753113
739,0.2641356885433197
740,0.35579150915145874
741,0.23134611546993256
742,0.7675149440765381
743,0.5241538286209106
744,0.31767985224723816
745,0.3728736340999603
746,0.8634248971939087
747,0.5605786442756653
748,0.47215184569358826
749,0.47753241658210754
750,0.31154298782348633
751,0.27469319105148315
752,0.41735076904296875
753,0.31633591651916504
754,0.4205438196659088
755,0.5299498438835144
756,0.4043799340724945
757,0.40143126249313354
758,0.4018837511539459
759,0.4346374571323395
760,0.31008797883987427
761,0.41319766640663147
762,0.25977155566215515
763,0.32906222343444824
764,0.27958372235298157
765,0.28761398792266846
766,0.3045515716075897
767,0.3717151880264282
768,0.2415875643491745
769,0.42249366641044617
770,0.3868671953678131
771,0.2946087121963501
772,0.32648393511772156
773,0.49887576699256897
774,0.5464081764221191
775,0.5951210260391235
776,0.8903365135192871
777,0.6323200464248657
778,0.46986687183380127
779,0.3543253540992737
780,0.3863397240638733
781,0.4145829379558563
782,0.4172420799732208
783,0.3512849807739258
784,0.3687867522239685
785,0.28954488039016724
786,0.5005524754524231
787,0.32063817977905273
788,0.3739849030971527
789,0.3097406029701233
790,0.4558183550834656
791,
792,
793,
794,
795,
796,
797,
798,inf
799,0.2974257171154022
800,0.3691478967666626
801,0.3154790699481964
802,0.3897475004196167
803,0.2566927373409271
804,0.36738839745521545
805,0.2607308626174927
806,0.24573926627635956
807,0.3132821321487427
808,0.27327147126197815
809,0.2554115355014801
810,0.31716427206993103
811,0.26921746134757996
812,0.24290238320827484
813,0.281502902507782
814,0.26255637407302856
815,inf
816,0.2522473931312561
817,0.5346081852912903
818,0.4026923179626465
819,0.27786263823509216
820,0.3823067843914032
821,0.5837275981903076
822,0.39336612820625305
823,0.2425052672624588
824,0.256517618894577
825,inf
826,0.27562960982322693
827,0.25387468934059143
828,0.26327595114707947
829,0.33403173089027405
830,0.6241573095321655
831,0.3430725634098053
832,0.43134602904319763
833,0.314895361661911
834,0.5579307675361633
835,0.3764546811580658
836,0.6311458945274353
837,0.42215844988822937
838,0.31110891699790955
839,0.3344046175479889
840,0.2932606041431427
841,0.4668802320957184
842,0.38021203875541687
843,0.32388371229171753
844,0.34819841384887695
845,0.35503754019737244
846,0.31250065565109253
847,0.49308696389198303
848,0.6107838153839111
849,0.45710280537605286
850,0.8504133820533752
851,0.31485891342163086
852,0.35430073738098145
853,0.33107519149780273
854,0.38778188824653625
855,0.33652427792549133
856,0.28884753584861755
857,0.4793280363082886
858,0.36891791224479675
859,0.4058178663253784
860,0.39907532930374146
861,0.3301374614238739
862,0.3330175280570984
863,0.2907070219516754
864,0.44781094789505005
865,0.549962043762207
866,0.3959149420261383
867,0.49699509143829346
868,0.7345700860023499
869,0.46572497487068176
870,0.3654002249240875
871,0.2717989683151245
872,0.3822292685508728
873,0.3417247235774994
874,0.46111002564430237
875,0.6457155346870422
876,0.36813968420028687
877,0.5281826257705688
878,0.29622483253479004
879,0.26887160539627075
880,0.4258972108364105
881,0.3017332851886749
882,0.45699819922447205
883,0.3624284267425537
884,0.42151984572410583
885,0.2882257103919983
886,0.5567926168441772
887,0.341356098651886
888,0.28297746181488037
889,0.30168259143829346
890,0.34301766753196716
891,0.26919567584991455
892,0.4010467231273651
893,0.28273406624794006
894,0.366691917181015
895,0.2866152226924896
896,0.3323327600955963
897,0.36340710520744324
898,0.6038761734962463
899,0.3002375066280365
900,0.4141775965690613
901,0.2814843952655792
902,0.48049482703208923
903,0.4692613184452057
904,0.31409046053886414
905,0.5134968161582947
906,0.29293546080589294
907,0.759921669960022
908,0.4756750464439392
909,0.5850147604942322
910,0.3046644330024719
911,0.5764495730400085
912,0.3613671362400055
913,0.4449371099472046
914,0.3221172094345093
915,0.4389006793498993
916,0.3153425455093384
917,0.3724665641784668
918,0.39274972677230835
919,0.4583612084388733
920,0.4142794907093048
921,0.3944151699542999
922,0.436787486076355
923,0.4632248282432556
924,0.4076535701751709
925,0.3640094995498657
926,0.3296947479248047
927,0.38017305731773376
928,0.3890628516674042
929,0.3909531831741333
930,0.3577941954135895
931,0.33038759231567383
932,0.35026293992996216
933,0.6811504364013672
934,0.3607367277145386
935,0.43128249049186707
936,0.3435722887516022
937,0.5230495929718018
938,0.30534932017326355
939,0.641654908657074
940,0.5495465993881226
941,0.3210279941558838
942,0.41661229729652405
943,0.3930176794528961
944,0.46974050998687744
945,0.4923394024372101
946,0.29089558124542236
947,0.2848118841648102
948,0.29338306188583374
949,0.29795435070991516
950,0.4086131453514099
951,0.6924024820327759
952,0.45485255122184753
953,0.4513978064060211
954,0.5246445536613464
955,0.548236072063446
956,0.39398902654647827
957,0.3876588046550751
958,0.3607902526855469
959,0.5839375853538513
960,0.43377089500427246
961,0.3880639374256134
962,0.28656643629074097
963,0.6039034128189087
964,0.3346264660358429
965,0.26391592621803284
966,0.43440762162208557
967,0.30718448758125305
968,0.32111528515815735
969,0.5982093811035156
970,0.33228781819343567
971,0.6940733194351196
972,0.3772457242012024
973,0.9639204740524292
974,0.3706637918949127
975,0.7626451253890991
976,0.34342360496520996
977,0.3273211717605591
978,0.35339242219924927
979,0.4273253381252289
980,0.3466610014438629
981,0.4680051803588867
982,0.2964060604572296
983,0.36819708347320557
984,0.3525666892528534
985,0.462729811668396
986,0.35009947419166565
987,0.3102758228778839
988,0.3490076959133148
989,0.35367101430892944
990,0.38224276900291443
991,0.3120139539241791
992,0.48658090829849243
993,0.33995723724365234
994,0.30182838439941406
995,0.3383217453956604
996,0.48301446437835693
997,0.2695264220237732
998,0.237997367978096
999,0.2769167721271515
1000,0.2854982912540436
1001,0.5299124717712402
1002,0.3588511645793915
1003,0.2841295003890991
1004,0.3640029728412628
1005,0.3644266724586487
1006,0.2641761600971222
1007,0.4817684590816498
1008,0.3393031358718872
1009,0.39115676283836365
1010,0.3890480399131775
1011,0.29128527641296387
1012,0.3620697557926178
1013,0.29577046632766724
1014,0.6210709810256958
1015,0.2984200716018677
1016,0.28876444697380066
1017,0.2792961597442627
1018,0.37638553977012634
1019,0.4107467234134674
1020,0.48470428586006165
1021,0.4717492163181305
1022,0.36703574657440186
1023,0.4987867474555969
1024,0.4235851764678955
1025,0.3706296384334564
1026,0.3924383819103241
1027,0.32849621772766113
1028,0.37573564052581787
1029,0.3564331531524658
1030,0.5519942045211792
1031,0.5164335370063782
1032,0.5179005265235901
1033,0.3539794385433197
1034,0.7462146282196045
1035,0.8747528195381165
1036,0.574355959892273
1037,0.5214548707008362
1038,0.40709781646728516
1039,0.5173129439353943
1040,0.5946393609046936
1041,0.8136036396026611
1042,0.5463056564331055
1043,0.38654154539108276
1044,0.3851514458656311
1045,0.46698063611984253
1046,0.4423341453075409
1047,0.32145267724990845
1048,0.30084285140037537
1049,0.3090004324913025
1050,0.5027695894241333
1051,0.45159274339675903
1052,0.35015514492988586
1053,0.3312740623950958
1054,0.3157470226287842
1055,0.3230894207954407
1056,0.34177276492118835
1057,0.36920756101608276
1058,0.31495562195777893
1059,0.3531762957572937
1060,0.45332735776901245
1061,0.4588095545768738
1062,0.4159940183162689
1063,0.3230457603931427
1064,0.326555073261261
1065,0.36180996894836426
1066,0.34240448474884033
1067,0.46779918670654297
1068,0.294772207736969
1069,0.2843668758869171
1070,0.49539220333099365
1071,0.27555403113365173
1072,0.2557634711265564
1073,0.27400118112564087
1074,0.28664347529411316
1075,0.5101208686828613
1076,0.4123924970626831
1077,0.27998611330986023
1078,0.28673961758613586
1079,0.3439616858959198
1080,0.3023213744163513
1081,0.5278079509735107
1082,0.3502103388309479
1083,0.4310733377933502
1084,0.38516923785209656
1085,0.34533053636550903
1086,0.5800811052322388
1087,0.6558976173400879
1088,0.33819636702537537
1089,0.35435256361961365
1090,0.3772057294845581
1091,0.2832232117652893
1092,0.3625958561897278
1093,0.6566258668899536
1094,0.32998910546302795
1095,0.3496302664279938
1096,0.3359089195728302
1097,0.286809504032135
1098,0.5272412896156311
1099,0.3841950595378876
1100,0.3707026541233063
1101,0.2810644507408142
1102,0.35901620984077454
1103,0.5046974420547485
1104,0.41649460792541504
1105,0.45495080947875977
1106,0.3545367121696472
1107,0.3434855341911316
1108,0.30689337849617004
1109,0.2991916835308075
1110,0.2856236398220062
1111,0.5013816952705383
1112,0.34435227513313293
1113,0.5372471213340759
1114,0.42958760261535645
1115,0.3072863519191742
1116,0.5212568640708923
1117,0.5062722563743591
1118,0.3659297525882721
1119,0.3515988290309906
1120,0.30140823125839233
1121,0.3971863090991974
1122,0.38183164596557617
1123,0.33001232147216797
1124,0.3612828254699707
1125,0.4273051917552948
1126,0.31639501452445984
1127,0.29513415694236755
1128,0.37198689579963684
1129,0.5376315712928772
1130,0.34995177388191223
1131,0.5495432615280151
1132,0.4346105456352234
1133,0.5702662467956543
1134,0.3610266149044037
1135,0.3148525059223175
1136,0.457800954580307
1137,0.38192543387413025
1138,0.3300000727176666
1139,0.3440428078174591
1140,0.39257603883743286
1141,0.8214929699897766
1142,0.3300953209400177
1143,0.30616772174835205
1144,0.4574272930622101
1145,0.2975444197654724
1146,0.5314854383468628
1147,0.6930403709411621
1148,0.35411256551742554
1149,0.30231282114982605
1150,0.4407671391963959
1151,0.46428513526916504
1152,0.40579769015312195
1153,0.3923836350440979
1154,0.5653084516525269
1155,0.3737633228302002
1156,0.30699390172958374
1157,0.4093010425567627
1158,0.47334057092666626
1159,0.43224579095840454
1160,0.3364833891391754
1161,0.4882605969905853
1162,0.42949941754341125
1163,0.8138294219970703
1164,0.33435574173927307
1165,0.37955495715141296
1166,0.40621674060821533
1167,0.3099350035190582
1168,0.3665039837360382
1169,0.49807801842689514
1170,0.3558529019355774
1171,0.48063626885414124
1172,0.30824390053749084
1173,0.3170884847640991
1174,0.3274416923522949
1175,0.3319324254989624
1176,0.2985078692436218
1177,0.6350868940353394
1178,0.34993964433670044
1179,0.38202786445617676
1180,0.3187583088874817
1181,0.40992873907089233
1182,0.34324386715888977
1183,0.3042159974575043
1184,0.3769301474094391
1185,0.2925107181072235
1186,0.34304168820381165
1187,0.5619437098503113
1188,0.3129250407218933
1189,0.3360850214958191
1190,0.3480207920074463
1191,0.39683741331100464
1192,0.3652518391609192
1193,0.29591619968414307
1194,0.31289732456207275
1195,0.4173979163169861
1196,0.4179344177246094
1197,0.6754997968673706
1198,0.35729461908340454
1199,inf
1200,0.3363323211669922
1201,0.5196284651756287
1202,1.0912189483642578
1203,0.3453693687915802
1204,0.36998724937438965
1205,0.3636067509651184
1206,0.5522486567497253
1207,0.5734619498252869
1208,0.5040878653526306
1209,0.6662251949310303
1210,0.36772027611732483
1211,0.45924481749534607
1212,0.5835206508636475
1213,0.5777384638786316
1214,0.4649825394153595
1215,0.35092490911483765
1216,0.3823665380477905
1217,0.41667529940605164
1218,0.30628320574760437
1219,0.41329073905944824
1220,0.4220193028450012
1221,0.3358573317527771
1222,0.29146653413772583
1223,0.32317379117012024
1224,0.44877296686172485
1225,0.8189499378204346
1226,0.28051817417144775
1227,0.4093271791934967
1228,0.6095861792564392
1229,0.3820995092391968
1230,0.39452314376831055
1231,0.4024452269077301
1232,0.3575773537158966
1233,0.31895655393600464
1234,0.3078033924102783
1235,0.4749223291873932
1236,0.573016345500946
1237,0.33642974495887756
1238,0.4056970775127411
1239,0.37482765316963196
1240,0.5071922540664673
1241,0.47608739137649536
1242,0.49778684973716736
1243,0.4456377625465393
1244,0.5436630249023438
1245,0.5099469423294067
1246,0.29693615436553955
1247,1.1093512773513794
1248,0.2923743426799774
1249,0.3271905481815338
1250,0.3088708817958832
1251,0.37926194071769714
1252,0.3226277232170105
1253,0.3808530867099762
1254,0.5311928391456604
1255,0.3270410895347595
1256,0.3024546205997467
1257,0.31760159134864807
1258,0.31109026074409485
1259,0.3467484414577484
1260,0.3385823369026184
1261,0.30800241231918335
1262,0.3886752128601074
1263,0.29641228914260864
1264,0.3085399866104126
1265,0.4165685772895813
1266,0.6455280184745789
1267,0.33582764863967896
1268,0.4414493143558502
1269,0.34132036566734314
1270,0.39854875206947327
1271,0.5535953640937805
1272,0.36927902698516846
1273,0.3689011335372925
1274,0.39604392647743225
1275,0.766708493232727
1276,0.7183845043182373
1277,0.42250218987464905
1278,0.8039121627807617
1279,0.29678696393966675
1280,0.28595924377441406
1281,0.46052244305610657
1282,0.37541431188583374
1283,0.3756778836250305
1284,0.36313509941101074
1285,0.3454602360725403
1286,0.35492193698883057
1287,0.9518177509307861
1288,0.32498547434806824
1289,0.3359408378601074
1290,0.6075412631034851
1291,0.6229634284973145
1292,0.40509071946144104
1293,0.4097404479980469
1294,0.3719312846660614
1295,0.30830690264701843
1296,0.3120569586753845
1297,0.2867417633533478
1298,0.34206750988960266
1299,0.37740272283554077
1300,0.2902858853340149
1301,0.3590831160545349
1302,0.30065369606018066
1303,0.4168679118156433
1304,0.4049312472343445
1305,0.574914276599884
1306,0.28722861409187317
1307,0.5740941166877747
1308,0.272787868976593
1309,0.30263376235961914
1310,0.3193160593509674
1311,0.3168676495552063
1312,0.4651331305503845
1313,0.38015034794807434
1314,0.3219335079193115
1315,0.29846295714378357
1316,0.36252227425575256
1317,0.35644829273223877
1318,0.28338903188705444
1319,0.2898736298084259
1320,0.42049503326416016
1321,0.4982428252696991
1322,0.3431214392185211
1323,0.316383421421051
1324,0.7102200388908386
1325,0.7333499193191528
1326,0.5051603317260742
1327,0.32099851965904236
1328,0.3023085296154022
1329,0.6824248433113098
1330,0.4540879726409912
1331,0.54875248670578
1332,1.156148076057434
1333,0.4442695379257202
1334,0.40141114592552185
1335,0.671022355556488
1336,0.3940514028072357
1337,0.3256838917732239
1338,1.0377099514007568
1339,0.5811243653297424
1340,0.4369718134403229
1341,0.4012898802757263
1342,0.3725454807281494
1343,0.4226229786872864
1344,0.5116339325904846
1345,0.3583446443080902
1346,0.3309028148651123
1347,0.33735790848731995
1348,0.34903064370155334
1349,0.34350261092185974
1350,0.3201175630092621
1351,0.3258260488510132
1352,0.3357775807380676
1353,0.31794291734695435
1354,0.38469672203063965
1355,0.3735142648220062
1356,0.28505054116249084
1357,0.30640706419944763
1358,0.41131070256233215
1359,0.3508010804653168
1360,0.4037031829357147
1361,0.3370738923549652
1362,0.593016505241394
1363,0.42481404542922974
1364,0.3895873725414276
1365,0.38608378171920776
1366,0.30748793482780457
1367,0.34870827198028564
1368,0.46013808250427246
1369,0.44205427169799805
1370,0.4152016043663025
1371,0.36741605401039124
1372,0.4486817419528961
1373,0.32178691029548645
1374,0.37217429280281067
1375,0.3621614873409271
1376,0.31408122181892395
1377,0.6019694805145264
1378,0.6570003032684326
1379,0.37074708938598633
1380,0.5608305335044861
1381,0.4931256175041199
1382,0.4455638527870178
1383,0.3580568730831146
1384,0.8552224636077881
1385,0.758272647857666
1386,0.5859304070472717
1387,0.4010506868362427
1388,0.36421820521354675
1389,0.46469205617904663
1390,0.35176217555999756
1391,0.33581408858299255
1392,0.3104225993156433
1393,0.3572651445865631
1394,0.3662790358066559
1395,1.7074346542358398
1396,0.3250257670879364
1397,0.4094005823135376
1398,0.7323818206787109
1399,0.32139304280281067
1400,0.393998384475708
1401,0.36419156193733215
1402,0.47379401326179504
1403,0.3202502131462097
1404,0.32772862911224365
1405,0.4620761573314667
1406,0.6087221503257751
1407,0.2982347905635834
1408,0.34563443064689636
1409,0.44096407294273376
1410,0.42566072940826416
1411,0.3536689579486847
1412,0.3742309808731079
1413,0.4644329845905304
1414,0.48760759830474854
1415,0.3018345832824707
1416,0.6107187271118164
1417,0.8993010520935059
1418,0.8373711109161377
1419,0.3305564522743225
1420,0.39012229442596436
1421,0.4243273138999939
1422,1.0871508121490479
1423,0.42195701599121094
1424,0.5092338919639587
1425,0.3920491337776184
1426,0.4254152476787567
1427,0.3967154920101166
1428,0.39722567796707153
1429,0.3531014025211334
1430,0.39579007029533386
1431,0.3979890048503876
1432,0.29116931557655334
1433,0.6518963575363159
1434,0.4558064639568329
1435,0.35050350427627563
1436,0.41964951157569885
1437,0.32715311646461487
1438,0.3203493058681488
1439,0.32244300842285156
1440,0.4941974878311157
1441,0.3456425070762634
1442,0.3228347897529602
1443,0.3191383183002472
1444,0.3792225420475006
1445,0.30718857049942017
1446,0.4319617748260498
1447,0.4026698172092438
1448,0.28374654054641724
1449,0.6960180997848511
1450,0.34006160497665405
1451,0.3563324213027954
1452,0.45762360095977783
1453,0.45034584403038025
1454,0.3345056176185608
1455,0.30359333753585815
1456,0.7158394455909729
1457,0.3025240898132324
1458,0.3891940712928772
1459,0.32448071241378784
1460,0.49137601256370544
1461,0.47594743967056274
1462,0.3451691269874573
1463,0.2975575029850006
1464,0.3948844075202942
1465,0.627072274684906
1466,0.34136685729026794
1467,0.39340874552726746
1468,0.4705333411693573
1469,0.3107580840587616
1470,0.44972437620162964
1471,0.37827152013778687
1472,0.7169094681739807
1473,0.48097169399261475
1474,0.4781164228916168
1475,0.4165153503417969
1476,0.43078213930130005
1477,0.3425941467285156
1478,0.34505215287208557
1479,0.2921769917011261
1480,0.31014931201934814
1481,0.37535348534584045
1482,0.32430726289749146
1483,0.3948379158973694
1484,0.31343874335289
1485,0.2993501126766205
1486,0.5463200211524963
1487,0.3645266592502594
1488,0.37584638595581055
1489,0.7675765156745911
1490,0.31020280718803406
1491,0.6065627336502075
1492,0.41293153166770935
1493,0.36474379897117615
1494,0.37346333265304565
1495,0.3393952250480652
1496,0.32611575722694397
1497,0.5878524780273438
1498,0.3106588125228882
1499,0.46111899614334106
1500,0.45953866839408875
1501,0.6111767888069153
1502,0.3939305543899536
1503,0.3857450485229492
1504,0.5125899314880371
1505,0.5058158040046692
1506,0.30568692088127136
1507,0.4018842279911041
1508,0.4652283489704132
1509,0.3075573146343231
1510,0.34610316157341003
1511,0.7198435664176941
1512,0.36124205589294434
1513,0.340524822473526
1514,0.32513830065727234
1515,0.40715694427490234
1516,0.9725279808044434
1517,0.4121166169643402
1518,0.43721240758895874
1519,0.3919171094894409
1520,0.43466484546661377
1521,0.30993014574050903
1522,0.44815465807914734
1523,0.5145155191421509
1524,0.32083168625831604
1525,0.3215709626674652
1526,0.521391749382019
1527,0.847263514995575
1528,0.37421366572380066
1529,0.3859722316265106
1530,0.3503704071044922
1531,0.31637346744537354
1532,0.43566229939460754
1533,0.5161464810371399
1534,0.31532594561576843
1535,0.6640021800994873
1536,0.4791412353515625
1537,0.3306669592857361
1538,0.43836209177970886
1539,0.9018604159355164
1540,0.6303867697715759
1541,0.6428797245025635
1542,0.3680711090564728
1543,0.3583308160305023
1544,0.36812496185302734
1545,0.6077834963798523
1546,0.47527310252189636
1547,0.4375838041305542
1548,0.41326650977134705
1549,0.598514199256897
1550,0.44764161109924316
1551,0.34514737129211426
1552,0.32629263401031494
1553,0.36237508058547974
1554,0.4231874346733093
1555,0.5769400000572205
1556,0.4990466237068176
1557,0.42103907465934753
1558,0.4969029128551483
1559,0.5104616284370422
1560,0.3895328938961029
1561,0.34529614448547363
1562,0.4920916259288788
1563,0.3745514750480652
1564,0.32063576579093933
1565,0.42398619651794434
1566,0.3569488525390625
1567,0.31548362970352173
1568,0.32973814010620117
1569,0.3846813142299652
1570,0.5484569072723389
1571,0.4389408230781555
1572,0.5715358853340149
1573,0.4922429919242859
1574,0.41222596168518066
1575,0.3892083466053009
1576,0.41846778988838196
1577,0.4481778144836426
1578,0.4229283630847931
1579,0.3686297535896301
1580,0.73506098985672
1581,0.4905726909637451
1582,
1583,
1584,
1585,
1586,
1587,
1588,
1589,inf
1590,inf
1591,0.36115455627441406
1592,0.44980770349502563
1593,inf
1594,0.925998866558075
1595,0.4424891471862793
1596,0.4589636027812958
1597,0.4904770851135254
1598,0.40579506754875183
1599,0.4517742097377777
1600,0.4138794243335724
1601,0.9271606802940369
1602,0.591119647026062
1603,0.5967263579368591
1604,0.4858325719833374
1605,0.3856368958950043
1606,0.3241366147994995
1607,0.40042367577552795
1608,0.4153006672859192
1609,0.33373379707336426
1610,0.39270156621932983
1611,0.4007258415222168
1612,0.4305747151374817
1613,0.3051515519618988
1614,0.6465473175048828
1615,0.43702757358551025
1616,0.3847106695175171
1617,0.3389410674571991
1618,0.3539125919342041
1619,0.41052648425102234
1620,0.3221445083618164
1621,0.36471661925315857
1622,0.6501356959342957
1623,0.45659515261650085
1624,0.3434763550758362
1625,0.3280976712703705
1626,0.6010380983352661
1627,0.5028866529464722
1628,0.34351158142089844
1629,0.3979947566986084
1630,0.3323311507701874
1631,0.4375699758529663
1632,0.5354853868484497
1633,0.35240456461906433
1634,0.341878205537796
1635,0.37683647871017456
1636,0.42820632457733154
1637,0.33361536264419556
1638,0.3442121744155884
1639,0.3961486220359802
1640,0.5022927522659302
1641,0.33171844482421875
1642,0.4754466116428375
1643,0.37646061182022095
1644,0.35334688425064087
1645,0.4566611051559448
1646,0.34271323680877686
1647,0.3958471417427063
1648,0.34312281012535095
1649,0.4878183603286743
1650,0.6016931533813477
1651,0.3269611597061157
1652,0.4463599622249603
1653,0.35662728548049927
1654,0.4972738027572632
1655,0.4727308452129364
1656,0.6255190372467041
1657,0.6341962814331055
1658,0.40960201621055603
1659,0.44614851474761963
1660,0.47855743765830994
1661,0.37967449426651
1662,0.4211396872997284
1663,0.4107074737548828
1664,0.5234724283218384
1665,0.3909085988998413
1666,inf
1667,0.6128963828086853
1668,0.5447081923484802
1669,0.72650146484375
1670,0.698009729385376
1671,0.3836138844490051
1672,0.35481446981430054
1673,0.37732815742492676
1674,0.4125041663646698
1675,0.5094127058982849
1676,0.5490888357162476
1677,0.3413698077201843
1678,0.3573515713214874
1679,0.7702828049659729
1680,0.581379234790802
1681,0.4336356222629547
1682,0.4310269355773926
1683,0.4003014862537384
1684,0.39230749011039734
1685,0.3422165811061859
1686,0.5912355780601501
1687,0.49847131967544556
1688,0.33363592624664307
1689,0.422627717256546
1690,0.393002986907959
1691,0.3607989251613617
1692,0.524973452091217
1693,0.3213176727294922
1694,0.5207617282867432
1695,0.47473809123039246
1696,0.3666984438896179
1697,0.3606697618961334
1698,0.556490957736969
1699,0.3668556809425354
1700,0.3908553719520569
1701,0.3633793294429779
1702,0.3277151584625244
1703,0.4016456604003906
1704,0.34773677587509155
1705,0.49536213278770447
1706,0.3508427143096924
1707,0.43780702352523804
1708,0.3850453197956085
1709,0.32156339287757874
1710,0.3445470333099365
1711,0.6246618628501892
1712,0.5441288948059082
1713,0.610698938369751
1714,0.4433780312538147
1715,0.43378615379333496
1716,0.5303210616111755
1717,0.5673980712890625
1718,0.5556817054748535
1719,0.8081738352775574
1720,0.5861756801605225
1721,0.5987461805343628
1722,0.45187053084373474
1723,0.46472010016441345
1724,0.4972679615020752
1725,0.4633921682834625
1726,0.45411989092826843
1727,0.47465506196022034
1728,0.3886941373348236
1729,0.37417227029800415
1730,0.39479535818099976
1731,0.5301080942153931
1732,0.37757962942123413
1733,0.3871366083621979
1734,0.38553711771965027
1735,0.34436947107315063
1736,0.33337903022766113
1737,0.3450372815132141
1738,0.9729853868484497
1739,0.8692575693130493
1740,0.4380348324775696
1741,0.6029293537139893
1742,0.3864676058292389
1743,0.5548276305198669
1744,0.5136620402336121
1745,0.4019421637058258
1746,0.360508531332016
1747,0.38120609521865845
1748,0.5693243145942688
1749,0.3828197121620178
1750,0.3457898795604706
1751,0.6634780764579773
1752,0.4325580894947052
1753,0.3427814841270447
1754,0.31476742029190063
1755,0.3320004940032959
1756,0.32772529125213623
1757,0.3644670844078064
1758,0.3337170481681824
1759,0.41612276434898376
1760,0.4322230815887451
1761,0.338172972202301
1762,0.4510372281074524
1763,0.44968181848526
1764,0.43403682112693787
1765,0.41581961512565613
1766,0.32758891582489014
1767,0.30035993456840515
1768,0.36277419328689575
1769,0.5678807497024536
1770,0.49081557989120483
1771,0.40712159872055054
1772,0.4018157422542572
1773,0.42094069719314575
1774,0.34124523401260376
1775,0.3587743639945984
1776,0.35531970858573914
1777,0.6613878607749939
1778,0.428085058927536
1779,1.0156344175338745
1780,0.4260205030441284
1781,0.3806685209274292
1782,0.5599632263183594
1783,0.342669814825058
1784,0.3212997019290924
1785,0.3245105743408203
1786,0.40598753094673157
1787,0.33845269680023193
1788,0.3625529408454895
1789,0.6434165835380554
1790,0.4276057779788971
1791,0.36876580119132996
1792,0.7401384115219116
1793,0.6236187815666199
1794,0.7909749150276184
1795,0.43289458751678467
1796,0.44573691487312317
1797,0.6928797960281372
1798,0.48799440264701843
1799,0.46547308564186096
1800,0.3588956594467163
1801,0.4699162542819977
1802,0.3716082274913788
1803,0.41976121068000793
1804,0.33473584055900574
1805,0.35570764541625977
1806,0.3509407937526703
1807,0.34603211283683777
1808,0.4739220142364502
1809,0.531555712223053
1810,0.33773234486579895
1811,0.3242443799972534
1812,0.4157223105430603
1813,0.3850547671318054
1814,0.37672552466392517
1815,0.4203006327152252
1816,0.3323129117488861
1817,0.43440037965774536
1818,0.35282909870147705
1819,0.3965432643890381
1820,0.3524295389652252
1821,0.31711825728416443
1822,0.5117683410644531
1823,0.5087945461273193
1824,0.5977705121040344
1825,0.3262689709663391
1826,0.35105934739112854
1827,0.41518542170524597
1828,0.37561553716659546
1829,0.317376971244812
1830,0.3376109302043915
1831,0.3403454124927521
1832,0.6560527682304382
1833,0.6344751715660095
1834,0.3520577549934387
1835,0.33105212450027466
1836,0.39171284437179565
1837,0.45274046063423157
1838,0.35625460743904114
1839,0.3056923747062683
1840,0.6153805255889893
1841,0.4831721782684326
1842,0.4586960971355438
1843,0.3664906322956085
1844,0.37648189067840576
1845,0.35661202669143677
1846,0.5822913646697998
1847,0.4661846160888672
1848,0.3897632658481598
1849,0.3367917239665985
1850,0.45630672574043274
1851,0.4000799357891083
1852,0.5266305804252625
1853,0.5091114640235901
1854,0.44109678268432617
1855,0.38476821780204773
1856,0.3826957941055298
1857,0.37391790747642517
1858,1.0192465782165527
1859,0.32541629672050476
1860,1.1086345911026
1861,0.4737090766429901
1862,0.3687431216239929
1863,0.37758031487464905
1864,0.4121474623680115
1865,0.3514273166656494
1866,0.47225475311279297
1867,0.35076943039894104
1868,0.3479466140270233
1869,0.6520385146141052
1870,0.5484419465065002
1871,0.44301408529281616
1872,0.6091797351837158
1873,0.38023579120635986
1874,0.3725292980670929
1875,0.41899996995925903
1876,0.4924992322921753
1877,0.34499606490135193
1878,0.36639270186424255
1879,0.4801960289478302
1880,0.3326229751110077
1881,0.330929696559906
1882,0.311900794506073
1883,0.4540124237537384
1884,0.44268718361854553
1885,0.3341197371482849
1886,0.3585164248943329
1887,0.45130378007888794
1888,0.34611234068870544
1889,0.39333873987197876
1890,0.5872463583946228
1891,0.387955904006958
1892,0.351694256067276
1893,0.32133710384368896
1894,0.37747225165367126
1895,0.40751996636390686
1896,0.3505028486251831
1897,0.5514965057373047
1898,0.42728593945503235
1899,0.39395514130592346
1900,0.6687234044075012
1901,0.4973808526992798
1902,0.47512057423591614
1903,0.4347284436225891
1904,0.44882526993751526
1905,0.5134092569351196
1906,0.46641805768013
1907,0.36487624049186707
1908,0.3616696894168854
1909,0.4242754280567169
1910,0.7402350306510925
1911,0.42443352937698364
1912,0.6392665505409241
1913,0.3708840012550354
1914,0.36725926399230957
1915,0.4945186674594879
1916,0.7089600563049316
1917,0.4344862699508667
1918,0.3444421589374542
1919,0.36683815717697144
1920,0.3866223990917206
1921,0.3419954478740692
1922,0.3190546929836273
1923,0.43810519576072693
1924,0.4230920672416687
1925,0.40566372871398926
1926,0.365944504737854
1927,0.4254433810710907
1928,0.4126443564891815
1929,0.3371787965297699
1930,0.45200812816619873
1931,0.5796712040901184
1932,0.4010295569896698
1933,0.48327580094337463
1934,0.37761303782463074
1935,0.3866909444332123
1936,0.3551260232925415
1937,0.4575495719909668
1938,0.45783042907714844
1939,0.3840424120426178
1940,0.40881842374801636
1941,0.3616523742675781
1942,0.4561399817466736
1943,0.38158321380615234
1944,0.3987174332141876
1945,0.6122590899467468
1946,0.3729590177536011
1947,0.5371237993240356
1948,0.49608683586120605
1949,0.3680773079395294
1950,0.3677605092525482
1951,0.733133852481842
1952,0.36423760652542114
1953,0.39483147859573364
1954,0.4991509020328522
1955,0.4187520146369934
1956,0.6344949007034302
1957,0.4595036208629608
1958,0.4653293490409851
1959,0.48082736134529114
1960,0.38855400681495667
1961,0.6979084610939026
1962,0.5406196713447571
1963,0.7596246004104614
1964,0.36905574798583984
1965,0.42648494243621826
1966,0.5020195841789246
1967,0.43120476603507996
1968,0.424986869096756
1969,0.4482266306877136
1970,0.3828824460506439
1971,0.3508084714412689
1972,0.5974405407905579
1973,0.4227839708328247
1974,0.9151501059532166
1975,0.4768024981021881
1976,0.3671119809150696
1977,0.4947243332862854
1978,0.5174460411071777
1979,0.39410674571990967
1980,0.4047054052352905
1981,0.3924873471260071
1982,0.5280494689941406
1983,0.3644653558731079
1984,0.48676079511642456
1985,0.35426658391952515
1986,0.4047416150569916
1987,0.5086778998374939
1988,0.5812731385231018
1989,0.3724849820137024
1990,0.5303042531013489
1991,0.38708361983299255
1992,0.4407380223274231
1993,0.5576026439666748
1994,0.47525227069854736
1995,0.3594224452972412
1996,0.4351657032966614
1997,0.45801210403442383
1998,0.4555906057357788
1999,0.388472318649292
2000,0.45263978838920593
2001,0.3826321065425873
2002,0.34793907403945923
2003,0.45641639828681946
2004,0.6135252714157104
2005,0.37697747349739075
2006,0.37532374262809753
2007,0.3555404543876648
2008,0.357969731092453
2009,0.38813307881355286
2010,0.3974701762199402
2011,0.35010311007499695
2012,0.3574484586715698
2013,0.35547637939453125
2014,0.4935450255870819
2015,0.4122987687587738
2016,0.4088459014892578
2017,0.3523263931274414
2018,0.443435937166214
2019,0.42174363136291504
2020,0.42119300365448
2021,0.3932076394557953
2022,0.4549489915370941
2023,0.563815712928772
2024,0.4089578688144684
2025,0.43809473514556885
2026,1.3345317840576172
2027,0.6822614669799805
2028,0.3671489953994751
2029,0.4428732395172119
2030,0.34906870126724243
2031,0.44603514671325684
2032,0.539709210395813
2033,0.5990694165229797
2034,0.7194785475730896
2035,0.38112086057662964
2036,0.4305204153060913
2037,0.48373350501060486
2038,0.36373060941696167
2039,0.6517186760902405
2040,0.3906892240047455
2041,0.4778788089752197
2042,0.3905544877052307
2043,0.35398057103157043
2044,0.36485397815704346
2045,0.4654044508934021
2046,0.36891600489616394
2047,0.3709959089756012
2048,0.4749421775341034
2049,0.4382997453212738
2050,0.4026886522769928
2051,0.36577746272087097
2052,0.3531350791454315
2053,0.3752462565898895
2054,0.37215450406074524
2055,0.3531476557254791
2056,0.3811894357204437
2057,0.9310191869735718
2058,0.4497697949409485
2059,0.5428239703178406
2060,0.44693708419799805
2061,0.40260398387908936
2062,0.5512182116508484
2063,0.40648940205574036
2064,0.4555279314517975
2065,0.38682714104652405
2066,0.35326263308525085
2067,0.327371746301651
2068,0.37746983766555786
2069,0.47123467922210693
2070,0.3643823266029358
2071,0.3786948323249817
2072,0.4156970977783203
2073,0.38121020793914795
2074,0.4086732566356659
2075,0.35829368233680725
2076,0.3357367217540741
2077,0.3236924409866333
2078,0.34451818466186523
2079,0.3710385859012604
2080,0.3832469880580902
2081,0.3719276189804077
2082,0.5522879958152771
2083,0.37961530685424805
2084,0.37063589692115784
2085,0.37572523951530457
2086,0.4033328592777252
2087,0.6363978981971741
2088,0.5510683059692383
2089,0.38704976439476013
2090,0.3951127231121063
2091,0.4965052306652069
2092,0.3511388897895813
2093,0.4655887186527252
2094,0.3504178524017334
2095,0.4354403614997864
2096,0.3862236738204956
2097,0.3465721607208252
2098,0.3506355881690979
2099,0.4285981059074402
2100,0.34944793581962585
2101,0.34467801451683044
2102,0.5935616493225098
2103,0.3454079031944275
2104,0.6634085178375244
2105,0.30957862734794617
2106,0.3099660873413086
2107,0.341965913772583
2108,0.35565385222435
2109,0.3031546175479889
2110,0.3636784851551056
2111,0.3554701805114746
2112,0.34028735756874084
2113,0.37287062406539917
2114,0.34471362829208374
2115,0.4294307231903076
2116,0.5301010012626648
2117,0.39262551069259644
2118,0.6186557412147522
2119,0.5493248105049133
2120,0.9922441840171814
2121,0.5419726371765137
2122,0.4696296453475952
2123,0.4059968590736389
2124,0.5217182040214539
2125,0.3666994273662567
2126,0.4199414849281311
2127,0.3525483012199402
2128,0.4280460774898529
2129,0.6066216826438904
2130,0.45373299717903137
2131,0.3920080363750458
2132,0.37878698110580444
2133,0.5543450117111206
2134,0.5244228839874268
2135,0.39204657077789307
2136,0.41187915205955505
2137,0.3991268277168274
2138,0.3680776059627533
2139,0.5102612376213074
2140,0.3522968888282776
2141,0.3713456690311432
2142,0.34822049736976624
2143,1.4272217750549316
2144,0.41789424419403076
2145,0.3785344362258911
2146,0.3958429992198944
2147,0.5534799695014954
2148,0.36692968010902405
2149,0.6779130697250366
2150,0.48675161600112915
2151,0.38249823451042175
2152,0.3797573447227478
2153,0.3696582615375519
2154,0.3949262797832489
2155,0.3522172272205353
2156,0.33968865871429443
2157,0.3770265579223633
2158,0.4909326136112213
2159,0.35490596294403076
2160,0.39701777696609497
2161,0.4509608745574951
2162,0.4213382601737976
2163,0.5092140436172485
2164,0.36389482021331787
2165,0.5255023241043091
2166,0.4349760413169861
2167,0.5263813138008118
2168,0.47924232482910156
2169,0.36394765973091125
2170,0.6872847080230713
2171,0.4495714008808136
2172,0.535084068775177
2173,0.5456153750419617
2174,0.42291343212127686
2175,0.769996702671051
2176,0.40391939878463745
2177,0.3658478558063507
2178,0.5082106590270996
2179,0.42237475514411926
2180,0.42536813020706177
2181,0.5613079071044922
2182,0.42447492480278015
2183,0.4368865191936493
2184,0.42314207553863525
2185,0.3990015685558319
2186,0.5416001081466675
2187,0.39365074038505554
2188,0.5948562622070312
2189,0.548419177532196
2190,0.5072929859161377
2191,0.41717463731765747
2192,0.5244988203048706
2193,0.49456334114074707
2194,0.5839274525642395
2195,0.5964053869247437
2196,0.3750481903553009
2197,0.36070871353149414
2198,0.3805442750453949
2199,0.38223546743392944
2200,0.3585382103919983
2201,0.435393363237381
2202,0.5398902893066406
2203,0.382872074842453
2204,0.6709770560264587
2205,0.4992375671863556
2206,0.3961328864097595
2207,0.49670079350471497
2208,0.3892982006072998
2209,0.4063270688056946
2210,0.597222626209259
2211,0.59618079662323
2212,0.5223776698112488
2213,0.34857335686683655
2214,0.6935232281684875
2215,0.41188862919807434
2216,0.49216896295547485
2217,0.5154657363891602
2218,0.6148027777671814
2219,0.5685153603553772
2220,0.4988531172275543
2221,0.48580363392829895
2222,0.4005108177661896
2223,0.34636637568473816
2224,0.4566652178764343
2225,0.43786776065826416
2226,0.39107179641723633
2227,0.39065226912498474
2228,0.36405739188194275
2229,0.39138033986091614
2230,0.5051515102386475
2231,0.36425817012786865
2232,0.36211028695106506
2233,0.38715919852256775
2234,0.5055416822433472
2235,0.5478906035423279
2236,0.4143858551979065
2237,0.6027884483337402
2238,0.4231816828250885
2239,1.0437043905258179
2240,0.4670155644416809
2241,0.49820753931999207
2242,0.4489515721797943
2243,0.5109748244285583
2244,1.0041165351867676
2245,0.4412345588207245
2246,0.41579458117485046
2247,0.4882054030895233
2248,0.458731472492218
2249,0.6155459880828857
2250,0.4629107117652893
2251,0.3507803976535797
2252,0.3812558948993683
2253,0.36168789863586426
2254,0.4198663830757141
2255,0.46638765931129456
2256,0.5970632433891296
2257,0.38615351915359497
2258,0.5103697776794434
2259,0.4223010540008545
2260,0.3640555441379547
2261,0.359501451253891
2262,0.4135814309120178
2263,0.5224586129188538
2264,0.4239994287490845
2265,0.3420945107936859
2266,0.3900102972984314
2267,0.34548062086105347
2268,0.371722012758255
2269,0.41289231181144714
2270,0.40186500549316406
2271,0.4182472825050354
2272,0.43039757013320923
2273,0.37902307510375977
2274,0.36225128173828125
2275,0.3727557361125946
2276,0.4355544149875641
2277,0.6677505373954773
2278,0.40251490473747253
2279,0.37008747458457947
2280,0.4194873571395874
2281,0.38951826095581055
2282,0.5121318101882935
2283,0.3788195252418518
2284,0.5927821397781372
2285,0.41175636649131775
2286,0.41324859857559204
2287,0.34838569164276123
2288,0.6012818813323975
2289,0.4360390901565552
2290,0.34340840578079224
2291,0.35232922434806824
2292,0.8306292295455933
2293,0.48617085814476013
2294,0.49436625838279724
2295,0.8642937541007996
2296,0.4959145188331604
2297,0.5218319892883301
2298,0.4785895049571991
2299,0.4268680512905121
2300,0.4229017198085785
2301,0.7416856288909912
2302,0.37210530042648315
2303,0.5166076421737671
2304,0.4121309816837311
2305,0.3385574519634247
2306,0.4937981963157654
2307,1.024669885635376
2308,0.3967113494873047
2309,0.7905012369155884
2310,0.4185048043727875
2311,0.4450949728488922
2312,0.35976505279541016
2313,0.4027090072631836
2314,0.37934303283691406
2315,0.4951342046260834
2316,0.44778186082839966
2317,0.3932029604911804
2318,0.360151469707489
2319,0.4002050459384918
2320,0.35323232412338257
2321,0.365651398897171
2322,0.4948059022426605
2323,0.363933801651001
2324,0.3594655990600586
2325,0.3601601719856262
2326,0.6608056426048279
2327,0.5252698659896851
2328,0.3647001087665558
2329,0.35926443338394165
2330,0.5062384605407715
2331,0.4826009273529053
2332,0.44989505410194397
2333,0.5065176486968994
2334,0.5433965921401978
2335,0.35737404227256775
2336,0.35927319526672363
2337,0.48294657468795776
2338,0.37674540281295776
2339,0.39036303758621216
2340,0.3606588542461395
2341,0.45079880952835083
2342,0.3628649413585663
2343,0.38389891386032104
2344,0.41097694635391235
2345,0.4126482903957367
2346,0.42433273792266846
2347,0.4378794729709625
2348,0.37040725350379944
2349,0.6990377902984619
2350,0.5490103363990784
2351,0.37065935134887695
2352,0.522448718547821
2353,0.5146833062171936
2354,0.4343908131122589
2355,0.4634227752685547
2356,0.9315260648727417
2357,0.4470944106578827
2358,0.40341511368751526
2359,0.5053558945655823
2360,0.7315667271614075
2361,0.5639559626579285
2362,0.37780970335006714
2363,0.37276148796081543
2364,0.44650331139564514
2365,0.448019802570343
2366,0.36368367075920105
2367,0.37452343106269836
2368,0.34317681193351746
2369,0.38045230507850647
2370,0.6485401391983032
2371,0.4115265905857086
2372,0.4627179503440857
2373,
2374,
2375,
2376,
2377,
2378,
2379,
2380,inf
2381,inf
2382,0.39878055453300476
2383,0.5138518214225769
2384,inf
2385,0.38275647163391113
2386,0.5274019837379456
2387,0.4271243214607239
2388,0.4864122271537781
2389,0.3696231544017792
2390,0.39367690682411194
2391,0.4448680877685547
2392,0.33792218565940857
2393,0.4131685197353363
2394,0.3602486550807953
2395,0.41666895151138306
2396,0.41536131501197815
2397,0.3677685260772705
2398,0.39620086550712585
2399,0.4205787181854248
2400,0.35734716057777405
2401,0.3978458642959595
2402,0.3966394066810608
2403,0.3871096670627594
2404,0.5356165766716003
2405,0.3796059787273407
2406,0.390529602766037
2407,0.42528775334358215
2408,0.4662529528141022
2409,0.435498982667923
2410,0.441093772649765
2411,0.3727269768714905
2412,0.40623074769973755
2413,0.5565081834793091
2414,0.4104035794734955
2415,inf
2416,0.6021018028259277
2417,0.39322465658187866
2418,0.43179506063461304
2419,0.7119568586349487
2420,0.4077291786670685
2421,0.5925692915916443
2422,0.6107687950134277
2423,0.5369489789009094
2424,0.4697369635105133
2425,1.1400279998779297
2426,0.4958619773387909
2427,0.40622222423553467
2428,0.4416978061199188
2429,0.400814026594162
2430,0.641840398311615
2431,0.43615150451660156
2432,0.38881510496139526
2433,0.4253980815410614
2434,0.45549577474594116
2435,0.5222271084785461
2436,0.44191572070121765
2437,0.4069580137729645
2438,0.3877539336681366
2439,0.40024876594543457
2440,0.36813318729400635
2441,0.3897581398487091
2442,0.5571320652961731
2443,0.4203365743160248
2444,0.35728317499160767
2445,0.653012216091156
2446,0.6174094676971436
2447,0.6126296520233154
2448,0.40291276574134827
2449,0.42036759853363037
2450,0.4434437155723572
2451,0.39254438877105713
2452,0.3980478048324585
2453,0.4099063575267792
2454,0.465106725692749
2455,0.33379533886909485
2456,0.49908602237701416
2457,0.36759835481643677
2458,0.4423079192638397
2459,0.5993797779083252
2460,0.38477224111557007
2461,0.41212454438209534
2462,0.5268356204032898
2463,0.39636656641960144
2464,0.3901878893375397
2465,0.3795356750488281
2466,0.44813817739486694
2467,0.40459439158439636
2468,0.42174839973449707
2469,0.49476757645606995
2470,0.4875444173812866
2471,0.3688432276248932
2472,0.4286923110485077
2473,0.7537897229194641
2474,0.35627925395965576
2475,0.4174714684486389
2476,0.3411526381969452
2477,0.4174412488937378
2478,0.34370356798171997
2479,0.4954470098018646
2480,0.42868560552597046
2481,0.5072066187858582
2482,0.3699483573436737
2483,0.35809528827667236
2484,0.4175574481487274
2485,0.352618932723999
2486,0.5043249726295471
2487,0.38896021246910095
2488,0.3541460931301117
2489,0.44500645995140076
2490,0.4191160202026367
2491,0.3421647846698761
2492,0.33507040143013
2493,0.34953927993774414
2494,0.415583074092865
2495,0.35740628838539124
2496,0.39049893617630005
2497,0.39912378787994385
2498,0.5026782155036926
2499,0.44203367829322815
2500,0.39973947405815125
2501,0.5392340421676636
2502,0.5115954279899597
2503,0.4554693102836609
2504,0.5596437454223633
2505,0.6063649654388428
2506,0.5363662838935852
2507,0.4384170174598694
2508,0.4701771140098572
2509,0.614665687084198
2510,0.39371317625045776
2511,0.4667445421218872
2512,0.4537929594516754
2513,0.4111769199371338
2514,0.3779471218585968
2515,0.5054210424423218
2516,0.5221076607704163
2517,0.4593401551246643
2518,0.39633920788764954
2519,0.3868914842605591
2520,0.3765376806259155
2521,0.3900076448917389
2522,0.3798068165779114
2523,0.3819034695625305
2524,0.38873377442359924
2525,0.38043728470802307
2526,0.3826916813850403
2527,0.33546215295791626
2528,0.42609262466430664
2529,0.343792200088501
2530,0.3933676481246948
2531,0.677951455116272
2532,0.4370783865451813
2533,0.3799375593662262
2534,0.3517855107784271
2535,0.5404001474380493
2536,0.37225648760795593
2537,0.37899336218833923
2538,0.3658050298690796
2539,0.3945919871330261
2540,0.3625499904155731
2541,0.39227190613746643
2542,0.4471154808998108
2543,0.39574819803237915
2544,0.4975593686103821
2545,0.3354169428348541
2546,0.42143601179122925
2547,0.5079060196876526
2548,0.34882429242134094
2549,0.4800020456314087
2550,0.35574647784233093
2551,0.3759703040122986
2552,0.5138252377510071
2553,0.6411794424057007
2554,0.4083431363105774
2555,0.4064798355102539
2556,0.37765446305274963
2557,0.3411855399608612
2558,0.48893189430236816
2559,0.7010895609855652
2560,0.5564026832580566
2561,0.8332129716873169
2562,0.4138115644454956
2563,0.6448192000389099
2564,0.9554395079612732
2565,0.4161454737186432
2566,0.5016201138496399
2567,0.4863958954811096
2568,0.43807199597358704
2569,0.46406593918800354
2570,0.4279160499572754
2571,0.49703407287597656
2572,0.7277863025665283
2573,0.4829827547073364
2574,0.42068788409233093
2575,0.5167958736419678
2576,0.3971360921859741
2577,0.5691627860069275
2578,0.4744006097316742
2579,0.47648799419403076
2580,0.5026278495788574
2581,0.40221819281578064
2582,0.3982114791870117
2583,0.3818020522594452
2584,0.48504573106765747
2585,0.33526378870010376
2586,0.4271736443042755
2587,0.6506855487823486
2588,0.43333160877227783
2589,0.36217257380485535
2590,0.3521585762500763
2591,0.6590836644172668
2592,0.40499529242515564
2593,0.37702786922454834
2594,0.36799678206443787
2595,0.79686039686203
2596,0.3477519154548645
2597,0.5124673247337341
2598,0.4442541301250458
2599,0.4735691547393799
2600,0.42049238085746765
2601,0.36741140484809875
2602,0.4062073826789856
2603,0.5160927176475525
2604,0.6418483853340149
2605,0.4159107804298401
2606,0.39796262979507446
2607,0.4986571669578552
2608,0.45391538739204407
2609,0.35244905948638916
2610,0.3918323516845703
2611,0.3508755564689636
2612,0.3510868549346924
2613,0.49695247411727905
2614,0.8869003057479858
2615,0.46019449830055237
2616,0.5434562563896179
2617,0.41421064734458923
2618,0.687261164188385
2619,0.45951560139656067
2620,0.4213901460170746
2621,0.46336036920547485
2622,0.35348010063171387
2623,0.3906625211238861
2624,0.3719785511493683
2625,0.35985857248306274
2626,0.35150212049484253
2627,0.39300209283828735
2628,0.3889344334602356
2629,0.33584216237068176
2630,0.33606263995170593
2631,0.33434635400772095
2632,0.36529937386512756
2633,0.3260716497898102
2634,0.450290322303772
2635,0.4119502902030945
2636,0.34745392203330994
2637,0.44236499071121216
2638,0.3283593952655792
2639,0.5559272170066833
2640,0.334124892950058
2641,0.3890220820903778
2642,0.3371247947216034
2643,0.34738826751708984
2644,0.5202722549438477
2645,0.4612795412540436
2646,0.3912806510925293
2647,0.4674761891365051
2648,0.4832625389099121
2649,0.6216790676116943
2650,0.7079856395721436
2651,0.4081059992313385
2652,0.39659354090690613
2653,0.44723984599113464
2654,0.49550530314445496
2655,0.4611806571483612
2656,0.35565096139907837
2657,0.53025221824646
2658,0.5229532122612
2659,0.6067841649055481
2660,0.4376490116119385
2661,0.42834383249282837
2662,0.3897140622138977
2663,0.40937256813049316
2664,0.4668707549571991
2665,0.40425917506217957
2666,0.3919697701931
2667,0.4560905694961548
2668,0.4166550636291504
2669,0.38264286518096924
2670,0.7932807803153992
2671,0.6247528791427612
2672,0.4504382610321045
2673,1.1031948328018188
2674,0.4132116436958313
2675,0.45389944314956665
2676,0.45654091238975525
2677,0.4211525321006775
2678,0.4196224510669708
2679,0.41739025712013245
2680,0.4645390510559082
2681,0.4740995466709137
2682,0.38662534952163696
2683,0.3741472065448761
2684,0.42597028613090515
2685,0.4974013566970825
2686,0.38920801877975464
2687,0.3511565625667572
2688,0.44129320979118347
2689,0.33764374256134033
2690,0.36247509717941284
2691,0.4441066384315491
2692,0.4102007746696472
2693,0.3893476128578186
2694,0.36470988392829895
2695,0.3764877915382385
2696,0.35529592633247375
2697,0.42683982849121094
2698,0.6038489937782288
2699,0.35467490553855896
2700,0.34334927797317505
2701,0.6094892621040344
2702,0.49800339341163635
2703,0.41943588852882385
2704,0.3470155596733093
2705,0.3345474600791931
2706,0.3420810103416443
2707,0.4675021469593048
2708,0.363357812166214
2709,0.39454182982444763
2710,0.4421885907649994
2711,0.38299059867858887
2712,0.5113458633422852
2713,0.34122923016548157
2714,0.3974378705024719
2715,0.38030362129211426
2716,0.494159996509552
2717,0.4753555953502655
2718,0.36308565735816956
2719,0.3908831477165222
2720,0.5413202047348022
2721,0.4298694133758545
2722,0.43222475051879883
2723,0.4210330545902252
2724,0.4444124400615692
2725,0.4151480197906494
2726,0.48203080892562866
2727,0.36588022112846375
2728,0.4610976278781891
2729,0.37433552742004395
2730,0.37905365228652954
2731,0.415860116481781
2732,0.3785478174686432
2733,0.4644884765148163
2734,0.5044389367103577
2735,0.5779070854187012
2736,0.37397709488868713
2737,0.4026075005531311
2738,0.5025787949562073
2739,0.4010632038116455
2740,0.4163753092288971
2741,0.44111910462379456
2742,0.405203640460968
2743,0.42915216088294983
2744,0.5909275412559509
2745,0.4120732843875885
2746,0.5350831151008606
2747,0.437999427318573
2748,0.4992242455482483
2749,0.5443195700645447
2750,0.4344494938850403
2751,0.6645169854164124
2752,0.46323132514953613
2753,0.45598915219306946
2754,0.42074793577194214
2755,0.4790838062763214
2756,0.38989871740341187
2757,0.4026498794555664
2758,0.36610761284828186
2759,0.337539941072464
2760,0.4191487431526184
2761,0.4056544303894043
2762,0.3716045320034027
2763,0.6221653819084167
2764,0.4031645655632019
2765,0.3633041977882385
2766,0.5033326148986816
2767,0.3780320882797241
2768,0.3940495252609253
2769,0.6330171823501587
2770,0.4004833996295929
2771,0.5196623206138611
2772,0.4110000431537628
2773,0.380261093378067
2774,0.4084164500236511
2775,0.35352370142936707
2776,0.499070942401886
2777,0.4545135498046875
2778,0.36573687195777893
2779,0.4335717558860779
2780,0.48929551243782043
2781,0.37786757946014404
2782,0.34144675731658936
2783,0.3722783029079437
2784,0.629400908946991
2785,0.3927995562553406
2786,0.34598368406295776
2787,0.3730306923389435
2788,0.3706681728363037
2789,0.40369319915771484
2790,0.35454463958740234
2791,0.3840721845626831
2792,0.3481963872909546
2793,0.4373689889907837
2794,0.40041521191596985
2795,0.3450169861316681
2796,0.4544426202774048
2797,0.37451088428497314
2798,0.35548245906829834
2799,0.37220826745033264
2800,0.3233449161052704
2801,0.3420335352420807
2802,0.4167625606060028
2803,0.37830838561058044
2804,0.9089781641960144
2805,0.46114781498908997
2806,0.46356454491615295
2807,0.5371665954589844
2808,0.6537731289863586
2809,0.3981376588344574
2810,0.43569478392601013
2811,0.5159646272659302
2812,0.40507543087005615
2813,0.4291192591190338
2814,0.4433887004852295
2815,0.4751591682434082
2816,0.44292140007019043
2817,0.3952068090438843
2818,0.6863122582435608
2819,0.3927915096282959
2820,0.41536518931388855
2821,0.4551863670349121
2822,0.3990287184715271
2823,0.3785272538661957
2824,0.35934752225875854
2825,0.3589189648628235
2826,0.360999196767807
2827,0.4252655804157257
2828,0.3623841106891632
2829,0.3569205403327942
2830,0.3725086450576782
2831,0.5032945275306702
2832,0.4707027077674866
2833,0.7596253752708435
2834,0.45250216126441956
2835,0.4348093569278717
2836,0.5024631023406982
2837,0.3923484981060028
2838,0.402472585439682
2839,0.4834468364715576
2840,0.41733768582344055
2841,0.4613396227359772
2842,0.4713612198829651
2843,0.40687295794487
2844,0.516225278377533
2845,0.38258102536201477
2846,0.3422190546989441
2847,0.34799957275390625
2848,0.42228972911834717
2849,0.5045135021209717
2850,0.38173770904541016
2851,0.419804185628891
2852,0.3962312340736389
2853,0.4056355655193329
2854,0.5381994843482971
2855,0.37907183170318604
2856,0.3698873221874237
2857,0.4586392939090729
2858,0.3559860587120056
2859,0.6601471304893494
2860,0.40634745359420776
2861,0.4118853211402893
2862,0.4350356161594391
2863,0.37616729736328125
2864,0.3389942944049835
2865,0.5321081280708313
2866,0.34000054001808167
2867,0.3432101607322693
2868,0.3581901788711548
2869,0.381533682346344
2870,0.34594956040382385
2871,0.37979766726493835
2872,0.5516084432601929
2873,0.36285820603370667
2874,0.3675800561904907
2875,0.37245839834213257
2876,0.494636207818985
2877,0.4571075141429901
2878,0.5082217454910278
2879,0.7386077642440796
2880,0.41774487495422363
2881,0.5904892086982727
2882,0.8888133764266968
2883,0.3881419003009796
2884,0.6146494746208191
2885,0.4264581501483917
2886,inf
2887,0.4008641242980957
2888,0.3479836881160736
2889,0.4266589283943176
2890,0.3893758952617645
2891,0.36874502897262573
2892,0.4459249973297119
2893,0.3804096281528473
2894,0.5395065546035767
2895,0.45518192648887634
2896,1.0831177234649658
2897,0.3671974539756775
2898,0.44325849413871765
2899,0.47146740555763245
2900,0.43168070912361145
2901,0.4020124077796936
2902,0.35619279742240906
2903,0.49377983808517456
2904,0.4026722311973572
2905,0.3666425049304962
2906,0.34325629472732544
2907,0.4893687069416046
2908,0.38439661264419556
2909,0.5262616872787476
2910,0.3541657328605652
2911,0.3768156170845032
2912,0.4214102029800415
2913,0.3585640788078308
2914,0.48339590430259705
2915,0.37164101004600525
2916,0.3702096939086914
2917,0.387470543384552
2918,0.35531505942344666
2919,0.3626939356327057
2920,0.45074334740638733
2921,0.3843153417110443
2922,0.48107245564460754
2923,0.35038405656814575
2924,0.3473656475543976
2925,0.36101192235946655
2926,0.4738961458206177
2927,0.3285202085971832
2928,0.36587756872177124
2929,0.37507835030555725
2930,0.40111851692199707
2931,0.445471853017807
2932,0.614080011844635
2933,0.40379956364631653
2934,0.3405965268611908
2935,0.37990009784698486
2936,0.392013281583786
2937,0.39856863021850586
2938,0.49693161249160767
2939,0.4841247797012329
2940,0.42345863580703735
2941,0.3628583550453186
2942,0.5653170347213745
2943,0.3480628430843353
2944,0.33280184864997864
2945,0.36271992325782776
2946,0.3595602214336395
2947,0.43314674496650696
2948,0.37430158257484436
2949,0.48131701350212097
2950,0.38526853919029236
2951,0.3440398871898651
2952,0.464877188205719
2953,0.46799159049987793
2954,0.3174568712711334
2955,0.5062759518623352
2956,0.34032753109931946
2957,0.3806244730949402
2958,0.46571987867355347
2959,0.43760132789611816
2960,0.3758494555950165
2961,0.9528189897537231
2962,0.4142017960548401
2963,0.5101878643035889
2964,0.39044907689094543
2965,0.3863272964954376
2966,0.3470882773399353
2967,0.4103645086288452
2968,0.47824743390083313
2969,0.4662937521934509
2970,0.34617406129837036
2971,0.37656673789024353
2972,0.422575443983078
2973,0.41181087493896484
2974,0.42238977551460266
2975,0.3537807762622833
2976,0.42436671257019043
2977,0.6218292713165283
2978,0.40633049607276917
2979,0.37193459272384644
2980,0.4030085504055023
2981,0.4185371398925781
2982,0.7304829955101013
2983,0.5596535205841064
2984,0.40012529492378235
2985,0.45397239923477173
2986,0.38162288069725037
2987,0.6557100415229797
2988,0.47533494234085083
2989,0.411097913980484
2990,0.3906139135360718
2991,0.44473135471343994
2992,0.38087961077690125
2993,0.3790125846862793
2994,0.5645765662193298
2995,0.40831729769706726
2996,0.4139775037765503
2997,0.3338995575904846
2998,0.3798491954803467
2999,0.36333632469177246
3000,0.41479384899139404
3001,0.36011502146720886
3002,0.5930194854736328
3003,0.4546145498752594
3004,0.37116628885269165
3005,0.3852523863315582
3006,0.4003508687019348
3007,0.3792637586593628
3008,0.37718987464904785
3009,0.5401226878166199
3010,0.46151575446128845
3011,0.6828961372375488
3012,0.48272109031677246
3013,0.3657671809196472
3014,0.3453027904033661
3015,0.4174433946609497
3016,0.3917483389377594
3017,0.3496028184890747
3018,0.34682056307792664
3019,0.49271705746650696
3020,0.5662197470664978
3021,0.37549805641174316
3022,0.4500170946121216
3023,0.4551258981227875
3024,0.3703116476535797
3025,0.38779690861701965
3026,0.4049324095249176
3027,0.4940441846847534
3028,0.39412784576416016
3029,0.335391640663147
3030,0.5384674072265625
3031,0.5031911134719849
3032,0.36425575613975525
3033,0.75337153673172
3034,0.3752310872077942
3035,0.3750686049461365
3036,0.38913896679878235
3037,0.42216938734054565
3038,0.4134777784347534
3039,0.40007370710372925
3040,0.48298245668411255
3041,0.35146477818489075
3042,0.3874203562736511
3043,0.7679091095924377
3044,0.38117432594299316
3045,0.401775062084198
3046,0.47686702013015747
3047,0.39853763580322266
3048,0.3341948091983795
3049,0.36877721548080444
3050,0.3818289637565613
3051,0.39593741297721863
3052,0.35703831911087036
3053,0.9618288278579712
3054,0.36920008063316345
3055,0.3538767099380493
3056,0.4912036657333374
3057,0.40329867601394653
3058,0.3384825885295868
3059,0.4613026976585388
3060,0.3639148473739624
3061,0.42663130164146423
3062,0.6936321258544922
3063,0.361202210187912
3064,0.5555720329284668
3065,0.3963758945465088
3066,0.4798121452331543
3067,0.5648903250694275
3068,0.4590171277523041
3069,0.530401885509491
3070,0.6108749508857727
3071,0.46996212005615234
3072,0.4280346930027008
3073,0.35069140791893005
3074,0.4738457500934601
3075,0.38935285806655884
3076,0.3705320954322815
3077,0.6825374960899353
3078,0.4076128900051117
3079,0.4295842945575714
3080,0.39950820803642273
3081,0.4266293942928314
3082,0.41874995827674866
3083,0.46664559841156006
3084,0.5251790881156921
3085,0.6076938509941101
3086,0.6602297425270081
3087,0.4113716185092926
3088,0.481999933719635
3089,0.41019588708877563
3090,0.3453724980354309
3091,0.4233897924423218
3092,0.6117696762084961
3093,0.40618735551834106
3094,0.7662341594696045
3095,0.5291054844856262
3096,0.425454318523407
3097,0.4154166579246521
3098,1.0967448949813843
3099,0.42073532938957214
3100,0.5272219181060791
3101,0.4494713246822357
3102,0.39281946420669556
3103,0.42498940229415894
3104,0.5586758255958557
3105,0.37276899814605713
3106,0.5285750031471252
3107,0.7457640767097473
3108,0.3607335686683655
3109,0.35272732377052307
3110,0.35344547033309937
3111,0.4677520990371704
3112,0.335163414478302
3113,0.3496079444885254
3114,0.3974061608314514
3115,0.3712102472782135
3116,0.3654975891113281
3117,0.3489247262477875
3118,0.3721866309642792
3119,0.35464078187942505
3120,0.37417834997177124
3121,0.40879711508750916
3122,0.3698538839817047
3123,0.37884780764579773
3124,0.37961921095848083
3125,0.3235889971256256
3126,0.35882872343063354
3127,0.36823248863220215
3128,0.34035125374794006
3129,0.3093212842941284
3130,0.37503740191459656
3131,0.44689878821372986
3132,0.5069694519042969
3133,0.35730457305908203
3134,0.4898090958595276
3135,0.4160713255405426
3136,0.4229106903076172
3137,0.35220715403556824
3138,0.36541470885276794
3139,0.4236581027507782
3140,0.3654307723045349
3141,0.34221145510673523
3142,0.3418199419975281
3143,0.47759363055229187
3144,0.41507843136787415
3145,0.356688529253006
3146,0.3530656695365906
3147,0.4504338502883911
3148,0.5358513593673706
3149,0.4184343218803406
3150,0.3923507332801819
3151,0.5291264653205872
3152,0.6367022395133972
3153,0.4193200469017029
3154,0.42797473073005676
3155,0.46127408742904663
3156,0.7631162405014038
3157,0.41152438521385193
3158,0.44807299971580505
3159,0.4749627113342285
3160,0.3605499267578125
3161,0.361890971660614
3162,0.35164475440979004
3163,0.443554162979126
